"hour_bucket","rain_hourly","vwc_hourly","temp_hourly","rh_hourly"
2025-03-31 05:00:00,1.778,0.3615,62.9825,88.275
2025-03-31 06:00:00,0,0.37325,62.0625,89.525
2025-03-31 07:00:00,0.254,0.37,62.2425,90.375
2025-03-31 08:00:00,0,0.36825,61.6775,90.975
2025-03-31 09:00:00,0,0.36675,54.9075,91.2
2025-03-31 10:00:00,0,0.364,51.945,91.275
2025-03-31 11:00:00,0,0.36125,51.2825,90.45
2025-03-31 12:00:00,0,0.35975,51.415,89.6
2025-03-31 13:00:00,0,0.3595,50.695,88.9
2025-03-31 14:00:00,0,0.358,50.79,87.275
2025-03-31 15:00:00,0,0.35575,51.1825,84.725
2025-03-31 16:00:00,0,0.3535,51.7325,81.55
2025-03-31 17:00:00,0,0.35275,52.5,78.095
2025-03-31 18:00:00,0,0.3515,51.35,75.2075
2025-03-31 19:00:00,0,0.35025,48.7525,74.24
2025-03-31 20:00:00,0,0.348,46.815,74.5675
2025-03-31 21:00:00,0,0.34725,46.2475,74.34
2025-03-31 22:00:00,0,0.346,45.955,73.4775
2025-03-31 23:00:00,0,0.3455,45.67,73.4225
2025-04-01,0,0.3445,45.3925,73.8525
2025-04-01 01:00:00,0,0.3435,45.01,74.0775
2025-04-01 02:00:00,0,0.34175,44.9075,74.2975
2025-04-01 03:00:00,0,0.34125,45.0825,74.335
2025-04-01 04:00:00,0,0.34025,45.2675,74.085
2025-04-01 05:00:00,0,0.33975,45.3525,74.085
2025-04-01 06:00:00,0,0.3395,45.1925,73.7925
2025-04-01 07:00:00,0,0.339,45.0225,73.285
2025-04-01 08:00:00,0,0.3385,46.26,72.3875
2025-04-01 09:00:00,0,0.33825,48.5625,70.86
2025-04-01 10:00:00,0,0.33775,52.0675,67.7375
2025-04-01 11:00:00,0,0.337,54.7175,63.96
2025-04-01 12:00:00,0,0.33575,57.5725,61.105
2025-04-01 13:00:00,0,0.33425,60.3025,57.8925
2025-04-01 14:00:00,0,0.33275,62.295,54.7225
2025-04-01 15:00:00,0,0.33125,64.005,51.375
2025-04-01 16:00:00,0,0.3295,65.595,48.7625
2025-04-01 17:00:00,0,0.32875,66.45,46.715
2025-04-01 18:00:00,0,0.32875,66.8,46.67
2025-04-01 19:00:00,0,0.326,65.3575,48.5875
2025-04-01 20:00:00,0,0.3245,63.3975,51.9725
2025-04-01 21:00:00,0,0.324,61.815,54.8575
2025-04-01 22:00:00,0,0.32275,60.3375,57.6325
2025-04-01 23:00:00,0,0.32275,59.64,59.9275
2025-04-02,0,0.32225,59.855,59.995
2025-04-02 01:00:00,0,0.3215,60.69,58.545
2025-04-02 02:00:00,0,0.322,60.84,58.2175
2025-04-02 03:00:00,0,0.32175,63,59.2275
2025-04-02 04:00:00,0,0.321,66.6,60.5225
2025-04-02 05:00:00,0,0.321,67.565,65.3975
2025-04-02 06:00:00,0,0.3205,68.87,70.5025
2025-04-02 07:00:00,0,0.32,69.4975,73.53
2025-04-02 08:00:00,0,0.31975,71.225,74.27
2025-04-02 09:00:00,0,0.319,73.9575,73.135
2025-04-02 10:00:00,0,0.31825,74.5275,72.9025
2025-04-02 11:00:00,0,0.31775,76.8975,71.2975
2025-04-02 12:00:00,0,0.31675,78.765,68.4
2025-04-02 13:00:00,0,0.315,81.125,64.645
2025-04-02 14:00:00,0,0.3135,82.025,61.665
2025-04-02 15:00:00,0,0.31075,82.525,59.745
2025-04-02 16:00:00,0,0.30975,82.825,58.72
2025-04-02 17:00:00,0,0.308,83.65,57.0225
2025-04-02 18:00:00,0,0.30675,82.25,57.7425
2025-04-02 19:00:00,0,0.305,79.74,61.725
2025-04-02 20:00:00,0,0.3035,79.775,62.1875
2025-04-02 21:00:00,0,0.30275,80.55,60.0375
2025-04-02 22:00:00,0,0.302,80.8,58.25
2025-04-02 23:00:00,0,0.30125,80.675,57.4875
2025-04-03,0,0.3005,79.83,58.8875
2025-04-03 01:00:00,0,0.30025,78.2575,61.845
2025-04-03 02:00:00,0,0.29975,70.0225,72.8725
2025-04-03 03:00:00,18.542,0.369,67.225,80.9975
2025-04-03 04:00:00,30.734,0.4175,65.6275,85.65
2025-04-03 05:00:00,3.556,0.404,64.9925,88.125
2025-04-03 06:00:00,4.318,0.4005,64.7325,89.45
2025-04-03 07:00:00,22.356,0.41275,64.6325,90.55
2025-04-03 08:00:00,12.446,0.41625,64.595,91.35
2025-04-03 09:00:00,12.954,0.4205,64.7725,91.975
2025-04-03 10:00:00,0,0.39975,67.1675,92.075
2025-04-03 11:00:00,0,0.39225,68.4875,91.35
2025-04-03 12:00:00,0,0.389,69.46,91
2025-04-03 13:00:00,0.254,0.38675,70.3825,89.625
2025-04-03 14:00:00,0,0.38525,65.265,89.275
2025-04-03 15:00:00,0,0.383,63.455,88.225
2025-04-03 16:00:00,0.254,0.38275,62.4375,88.55
2025-04-03 17:00:00,0,0.38375,61.73,89.55
2025-04-03 18:00:00,0.254,0.38325,61.5775,90.35
2025-04-03 19:00:00,6.858,0.40875,61.4275,91.325
2025-04-03 20:00:00,0,0.40025,61.3425,92.25
2025-04-03 21:00:00,0,0.393,61.5,92.775
2025-04-03 22:00:00,0,0.389,61.5675,93.225
2025-04-03 23:00:00,0,0.38675,61.76,93.45
2025-04-04,0,0.38475,60.65,93.45
2025-04-04 01:00:00,0,0.38225,58.205,93.35
2025-04-04 02:00:00,0,0.382,57.91,93.125
2025-04-04 03:00:00,0,0.381,57.53,92.975
2025-04-04 04:00:00,0,0.38,57.8225,93.125
2025-04-04 05:00:00,0,0.37925,58.5925,93.275
2025-04-04 06:00:00,0,0.37975,59.485,93.3
2025-04-04 07:00:00,0,0.37925,60.2225,93.225
2025-04-04 08:00:00,0,0.379,62.73,92.65
2025-04-04 09:00:00,0,0.37925,70.22,90.075
2025-04-04 10:00:00,0,0.3785,76.8525,84.475
2025-04-04 11:00:00,0,0.377,78.675,79.5425
2025-04-04 12:00:00,0,0.375,81.525,73.635
2025-04-04 13:00:00,0,0.37225,83.925,67.8175
2025-04-04 14:00:00,0,0.3695,85.425,62.2725
2025-04-04 15:00:00,0,0.36675,83.8,61.1475
2025-04-04 16:00:00,0,0.365,84.825,58.715
2025-04-04 17:00:00,0,0.363,84.9,56.5575
2025-04-04 18:00:00,0,0.3615,83.575,56.765
2025-04-04 19:00:00,0,0.36,80.9725,59.485
2025-04-04 20:00:00,0,0.359,79.82,61.775
2025-04-04 21:00:00,0,0.35775,79.325,62.06
2025-04-04 22:00:00,0,0.35725,79.16,61.44
2025-04-04 23:00:00,0,0.35625,78.895,61.4525
2025-04-05,0,0.35525,78.2675,62.65
2025-04-05 01:00:00,0,0.35475,77.5575,63.9325
2025-04-05 02:00:00,0,0.35375,76.565,65.39
2025-04-05 03:00:00,0,0.353,75.5375,65.56
2025-04-05 04:00:00,0,0.35225,74.6875,65.935
2025-04-05 05:00:00,0,0.3515,73.8375,68.345
2025-04-05 06:00:00,0,0.35075,73.3225,70.705
2025-04-05 07:00:00,0,0.35,73.27,72.24
2025-04-05 08:00:00,0.254,0.349,70.5775,75.35
2025-04-05 09:00:00,11.176,0.38625,64.7625,83.375
2025-04-05 10:00:00,6.096,0.41,64.31,87.075
2025-04-05 11:00:00,0,0.395,65.4475,87.925
2025-04-05 12:00:00,0,0.38875,67.6775,85.875
2025-04-05 13:00:00,0,0.38575,70.1125,81.7825
2025-04-05 14:00:00,0,0.38275,72.565,77.4375
2025-04-05 15:00:00,0,0.38025,75.3525,74.3025
2025-04-05 16:00:00,0,0.37675,81.3,63.625
2025-04-05 17:00:00,10.922,0.408,69.565,75.7025
2025-04-05 18:00:00,1.27,0.4085,65.055,84.35
2025-04-05 19:00:00,6.35,0.4125,63.835,87.275
2025-04-05 20:00:00,8.636,0.41675,63.25,89.075
2025-04-05 21:00:00,3.81,0.41525,62.405,90.275
2025-04-05 22:00:00,5.842,0.4155,59.7275,91.175
2025-04-05 23:00:00,4.572,0.416,58.7825,91.925
2025-04-06,5.08,0.415,59.51,92.5
2025-04-06 01:00:00,2.54,0.412,60.0875,92.925
2025-04-06 02:00:00,1.016,0.40825,60.61,93.325
2025-04-06 03:00:00,2.286,0.40875,61.815,93.55
2025-04-06 04:00:00,1.016,0.40875,62.4925,93.675
2025-04-06 05:00:00,0,0.3985,61.2125,93.075
2025-04-06 06:00:00,0,0.393,54.19,93.15
2025-04-06 07:00:00,0,0.3905,53.28,92.875
2025-04-06 08:00:00,0,0.38825,52.76,92.9
2025-04-06 09:00:00,0,0.38675,52.8025,92.975
2025-04-06 10:00:00,0,0.38575,53.505,92.65
2025-04-06 11:00:00,0,0.3845,54.475,92.15
2025-04-06 12:00:00,0,0.38275,54.265,91.85
2025-04-06 13:00:00,0,0.38175,53.3125,92.025
2025-04-06 14:00:00,0.254,0.381,53.25,92.45
2025-04-06 15:00:00,0,0.3805,53.085,92.4
2025-04-06 16:00:00,0,0.37975,53.18,92.225
2025-04-06 17:00:00,0,0.37975,53.4675,92.4
2025-04-06 18:00:00,0,0.379,52.0775,92.725
2025-04-06 19:00:00,0.254,0.37925,50.645,93.35
2025-04-06 20:00:00,0,0.37975,49.9175,93.675
2025-04-06 21:00:00,0,0.37975,49.42,93.625
2025-04-06 22:00:00,0.254,0.3795,48.9225,93.4
2025-04-06 23:00:00,0.254,0.3805,47.6725,93.25
2025-04-07,0,0.37975,47.035,92.725
2025-04-07 01:00:00,0,0.379,46,92.85
2025-04-07 02:00:00,0,0.379,45.36,92.675
2025-04-07 03:00:00,0,0.37825,45.11,92.275
2025-04-07 04:00:00,0,0.3775,44.5925,92.425
2025-04-07 05:00:00,0,0.377,44.0625,92.875
2025-04-07 06:00:00,0,0.3765,44.0825,92.575
2025-04-07 07:00:00,0,0.376,44.05,91.8
2025-04-07 08:00:00,0,0.375,44.195,91.025
2025-04-07 09:00:00,0,0.374,44.64,90.375
2025-04-07 10:00:00,0,0.374,45.8975,89.675
2025-04-07 11:00:00,0,0.37375,47.575,88.225
2025-04-07 12:00:00,0,0.373,50.6275,84.875
2025-04-07 13:00:00,0,0.3725,52.86,79.9325
2025-04-07 14:00:00,0,0.37075,54.6475,73.34
2025-04-07 15:00:00,0,0.36975,55.6125,65.46
2025-04-07 16:00:00,0,0.36825,56.3725,59.81
2025-04-07 17:00:00,0,0.36725,56.56,55.8625
2025-04-07 18:00:00,0,0.36675,56.04,52.6125
2025-04-07 19:00:00,0,0.36625,54.67,52.455
2025-04-07 20:00:00,0,0.36575,52.8,54.4025
2025-04-07 21:00:00,0,0.36525,51.6925,57.4275
2025-04-07 22:00:00,0,0.36525,50.3775,60.3675
2025-04-07 23:00:00,0,0.36525,49.715,61.95
2025-04-08,0,0.3645,49.3925,63.71
2025-04-08 01:00:00,0,0.364,48.28,67.1525
2025-04-08 02:00:00,0,0.36425,47.4325,69.88
2025-04-08 03:00:00,0,0.364,45.3475,67.15
2025-04-08 04:00:00,0,0.3635,43.22,64.0525
2025-04-08 05:00:00,0,0.3625,41.1875,62.08
2025-04-08 06:00:00,0,0.36225,39.505,59.7225
2025-04-08 07:00:00,0,0.3605,39.1175,60.59
2025-04-08 08:00:00,0,0.3595,39.4675,60.665
2025-04-08 09:00:00,0,0.3595,40.61,58.85
2025-04-08 10:00:00,0,0.35925,44.7275,53.0475
2025-04-08 11:00:00,0,0.35925,47.25,47.46
2025-04-08 12:00:00,0,0.359,49.425,44.3
2025-04-08 13:00:00,0,0.3565,51.935,42.4275
2025-04-08 14:00:00,0,0.33775,51.595,38.755
2025-04-08 15:00:00,0,0.3345,50.045,36.8675
2025-04-08 16:00:00,0,0.33275,50.255,36.075
2025-04-08 17:00:00,0,0.3315,50.0525,37.09
2025-04-08 18:00:00,0,0.331,49.2475,38.62
2025-04-08 19:00:00,0,0.32975,47.8125,38.6625
2025-04-08 20:00:00,0,0.32925,46.4775,39.915
2025-04-08 21:00:00,0,0.32825,45.755,40.6325
2025-04-08 22:00:00,0,0.32775,44.595,42.5125
2025-04-08 23:00:00,0,0.327,42.685,46.0625
2025-04-09,0,0.32675,42.4925,46.485
2025-04-09 01:00:00,0,0.32575,42.3075,46.305
2025-04-09 02:00:00,0,0.32525,41.34,48.2975
2025-04-09 03:00:00,0,0.3245,40.46,50.605
2025-04-09 04:00:00,0,0.32475,38.905,53.9025
